variant_id,partition,n,win_pct,er,pf,ci_low,ci_high,max_dd_r,avg_bars,bear_er,neut_er,bull_er,bear_n,neut_n,bull_n
REV_V1_BASELINE,DEV,2021,43.2,0.28,1.5,0.219,0.344,26.04,3.6,+0.229R,+0.302R,+0.379R,819,1001,201
REV_V1_BASELINE,VAL,2446,41.8,0.24,1.42,0.182,0.298,21.91,3.2,+0.149R,+0.324R,+0.277R,1121,1159,166
REV_V1_BASELINE,HOLDOUT,932,47.6,0.419,1.81,0.324,0.514,15.0,3.2,+0.469R,+0.394R,+0.388R,313,521,98
REV_ABL_4_NO_CLV_CONFIRM,DEV,764,41.9,0.337,1.61,0.222,0.452,18.73,6.9,+0.305R,+0.367R,+0.323R,282,366,116
REV_ABL_4_NO_CLV_CONFIRM,VAL,1023,38.2,0.231,1.39,0.137,0.329,16.37,6.1,+0.247R,+0.217R,+0.237R,414,496,113
REV_ABL_4_NO_CLV_CONFIRM,HOLDOUT,319,44.2,0.425,1.79,0.258,0.602,19.57,6.2,+0.504R,+0.370R,+0.457R,103,174,42
REV_ABL_5_NO_VOLUME_FILTER,DEV,1311,39.6,0.266,1.46,0.176,0.352,20.87,7.0,+0.187R,+0.312R,+0.317R,488,613,210
REV_ABL_5_NO_VOLUME_FILTER,VAL,1638,39.6,0.286,1.49,0.206,0.365,26.43,6.4,+0.214R,+0.332R,+0.381R,722,739,177
REV_ABL_5_NO_VOLUME_FILTER,HOLDOUT,606,46.5,0.514,2.0,0.383,0.643,15.0,6.8,+0.680R,+0.444R,+0.411R,192,324,90
REV_V22C_WIDER_SL_20D,DEV,361,36.8,0.218,1.36,0.061,0.384,18.14,6.0,N/A,+0.294R,-0.229R,0,308,53
REV_V22C_WIDER_SL_20D,VAL,478,38.9,0.283,1.48,0.144,0.432,10.6,5.7,N/A,+0.290R,+0.236R,0,421,57
REV_V22C_WIDER_SL_20D,HOLDOUT,154,48.7,0.581,2.14,0.317,0.837,10.53,5.8,N/A,+0.582R,+0.575R,0,134,20
REV_V23A_10D_EXPANDED,DEV,580,39.3,0.289,1.5,0.165,0.416,16.45,6.0,N/A,+0.323R,+0.221R,0,384,196
REV_V23A_10D_EXPANDED,VAL,707,39.5,0.287,1.49,0.17,0.406,15.19,5.8,N/A,+0.298R,+0.257R,0,511,196
REV_V23A_10D_EXPANDED,HOLDOUT,245,48.6,0.566,2.11,0.347,0.784,12.28,5.9,N/A,+0.619R,+0.445R,0,170,75
REV_V23B_15D_EXPANDED,DEV,447,39.4,0.305,1.53,0.161,0.452,14.18,6.2,N/A,+0.295R,+0.336R,0,341,106
REV_V23B_15D_EXPANDED,VAL,564,38.8,0.253,1.43,0.123,0.39,12.5,6.1,N/A,+0.262R,+0.211R,0,462,102
REV_V23B_15D_EXPANDED,HOLDOUT,179,48.0,0.532,2.03,0.303,0.774,13.06,6.2,N/A,+0.501R,+0.670R,0,146,33
REV_V24E_12D_BALANCED,DEV,576,36.3,0.151,1.25,0.026,0.28,20.16,7.5,+0.040R,+0.270R,+0.090R,209,254,113
REV_V24E_12D_BALANCED,VAL,799,41.3,0.317,1.56,0.212,0.43,16.88,6.8,+0.290R,+0.377R,+0.190R,328,365,106
REV_V24E_12D_BALANCED,HOLDOUT,230,48.7,0.583,2.18,0.359,0.792,12.06,6.8,+0.554R,+0.557R,+0.750R,77,121,32
REV_ABL_1_NO_SWEEP_DEPTH,DEV,873,41.2,0.319,1.57,0.212,0.429,19.31,7.2,+0.228R,+0.372R,+0.383R,333,417,123
REV_ABL_1_NO_SWEEP_DEPTH,VAL,1169,39.6,0.27,1.46,0.176,0.363,17.29,6.5,+0.276R,+0.277R,+0.215R,486,551,132
REV_ABL_1_NO_SWEEP_DEPTH,HOLDOUT,365,46.8,0.494,1.97,0.335,0.657,13.07,7.0,+0.649R,+0.399R,+0.439R,131,184,50
REV_V23D_15D_MULTI_REGIME,DEV,629,40.9,0.283,1.51,0.159,0.399,17.23,7.7,+0.189R,+0.340R,+0.344R,238,295,96
REV_V23D_15D_MULTI_REGIME,VAL,861,39.0,0.239,1.41,0.138,0.342,20.83,6.8,+0.282R,+0.213R,+0.190R,359,411,91
REV_V23D_15D_MULTI_REGIME,HOLDOUT,256,47.3,0.509,2.0,0.313,0.721,11.57,7.0,+0.537R,+0.462R,+0.636R,90,135,31
REV_V24B_15D_HAMMER_WICK,DEV,458,42.4,0.357,1.65,0.206,0.502,17.53,7.2,+0.312R,+0.389R,+0.368R,172,218,68
REV_V24B_15D_HAMMER_WICK,VAL,604,39.4,0.288,1.49,0.163,0.417,18.85,6.0,+0.332R,+0.238R,+0.349R,244,295,65
REV_V24B_15D_HAMMER_WICK,HOLDOUT,186,44.1,0.427,1.77,0.19,0.665,7.57,6.2,+0.481R,+0.357R,+0.583R,58,102,26
REV_V24C_15D_CLV_UPPER_HALF,DEV,449,40.5,0.232,1.42,0.09,0.369,13.38,9.0,+0.222R,+0.215R,+0.306R,194,188,67
REV_V24C_15D_CLV_UPPER_HALF,VAL,658,41.0,0.282,1.5,0.167,0.401,18.34,7.6,+0.290R,+0.281R,+0.244R,296,300,62
REV_V24C_15D_CLV_UPPER_HALF,HOLDOUT,176,54.5,0.698,2.64,0.476,0.938,7.5,8.4,+0.674R,+0.646R,+1.010R,68,88,20
REV_V24D_15D_ASYMMETRIC_3R,DEV,629,38.0,0.293,1.5,0.162,0.427,17.16,8.2,+0.222R,+0.326R,+0.368R,238,295,96
REV_V24D_15D_ASYMMETRIC_3R,VAL,861,36.6,0.24,1.39,0.127,0.35,38.13,7.4,+0.233R,+0.263R,+0.162R,359,411,91
REV_V24D_15D_ASYMMETRIC_3R,HOLDOUT,256,46.5,0.621,2.2,0.405,0.851,10.53,7.7,+0.615R,+0.603R,+0.715R,90,135,31
REV_V24F_15D_BEAR_NEUTRAL_SPEC,DEV,533,40.7,0.273,1.49,0.142,0.412,25.01,7.8,+0.189R,+0.340R,N/A,238,295,0
REV_V24F_15D_BEAR_NEUTRAL_SPEC,VAL,770,39.0,0.245,1.42,0.133,0.353,17.75,6.8,+0.282R,+0.213R,N/A,359,411,0
REV_V24F_15D_BEAR_NEUTRAL_SPEC,HOLDOUT,225,47.1,0.492,1.97,0.286,0.703,7.45,7.0,+0.537R,+0.462R,N/A,90,135,0
REV_ABL_2_NO_STRUCTURAL_SL,DEV,629,41.5,0.36,1.63,0.234,0.487,17.85,5.6,+0.285R,+0.388R,+0.460R,238,295,96
REV_ABL_2_NO_STRUCTURAL_SL,VAL,861,37.2,0.237,1.38,0.132,0.344,32.54,4.9,+0.265R,+0.237R,+0.122R,359,411,91
REV_ABL_2_NO_STRUCTURAL_SL,HOLDOUT,256,46.1,0.559,2.06,0.361,0.774,7.5,4.7,+0.471R,+0.560R,+0.806R,90,135,31
REV_ABL_3_NO_REGIME_FILTER,DEV,629,40.9,0.283,1.51,0.161,0.407,17.23,7.7,+0.189R,+0.340R,+0.344R,238,295,96
REV_ABL_3_NO_REGIME_FILTER,VAL,861,39.0,0.239,1.41,0.141,0.344,20.83,6.8,+0.282R,+0.213R,+0.190R,359,411,91
REV_ABL_3_NO_REGIME_FILTER,HOLDOUT,256,47.3,0.509,2.0,0.304,0.706,11.57,7.0,+0.537R,+0.462R,+0.636R,90,135,31
REV_ABL_6_TARGET_2R_PAYOFF,DEV,629,44.7,0.258,1.49,0.149,0.372,21.16,7.1,+0.214R,+0.284R,+0.288R,238,295,96
REV_ABL_6_TARGET_2R_PAYOFF,VAL,861,40.9,0.168,1.29,0.071,0.266,26.74,6.1,+0.185R,+0.150R,+0.180R,359,411,91
REV_ABL_6_TARGET_2R_PAYOFF,HOLDOUT,256,49.6,0.425,1.88,0.26,0.592,8.45,6.3,+0.459R,+0.399R,+0.437R,90,135,31
REV_ABL_7_TARGET_3R_PAYOFF,DEV,629,38.0,0.293,1.5,0.162,0.425,17.16,8.2,+0.222R,+0.326R,+0.368R,238,295,96
REV_ABL_7_TARGET_3R_PAYOFF,VAL,861,36.6,0.24,1.39,0.122,0.351,38.13,7.4,+0.233R,+0.263R,+0.162R,359,411,91
REV_ABL_7_TARGET_3R_PAYOFF,HOLDOUT,256,46.5,0.621,2.2,0.401,0.838,10.53,7.7,+0.615R,+0.603R,+0.715R,90,135,31
REV_V24A_15D_VOL_SPIKE_130,DEV,379,39.6,0.243,1.43,0.088,0.391,13.64,7.9,+0.119R,+0.352R,+0.286R,162,164,53
REV_V24A_15D_VOL_SPIKE_130,VAL,545,38.7,0.225,1.39,0.089,0.352,23.76,7.1,+0.359R,+0.070R,+0.358R,234,252,59
REV_V24A_15D_VOL_SPIKE_130,HOLDOUT,147,46.3,0.497,1.98,0.238,0.749,7.57,7.0,+0.501R,+0.459R,+0.690R,55,78,14
REV_V23C_10D_DEEP_SWEEP,DEV,383,38.1,0.222,1.38,0.066,0.375,17.18,6.9,N/A,+0.222R,+0.223R,0,249,134
REV_V23C_10D_DEEP_SWEEP,VAL,485,40.6,0.281,1.49,0.138,0.422,15.36,6.9,N/A,+0.284R,+0.271R,0,357,128
REV_V23C_10D_DEEP_SWEEP,HOLDOUT,179,52.5,0.701,2.51,0.466,0.938,6.87,6.8,N/A,+0.691R,+0.724R,0,126,53
