scanner,variant_id,type,tier,total_n,dev_n,val_n,holdout_n,gross_wr,net_wr,gross_er,net_er,net_pf,max_dd_r,adverse_net_er,severe_net_er,ci_95_low,ci_95_high,pct_5r,status
WEALTH,WEALTH_CHAMPION_V1,CONTROL_V58,BASELINE,45082,15940,19068,10074,34.77,34.24,0.2609,0.0999,1.13,499.01,0.0194,-0.0611,0.0835,0.1163,,CONTROL
WEALTH,WLTH_V510_LOCAL_01_P50_V160,CHALLENGER_V510,LOCAL_SEARCH,45082,15940,19068,10074,34.77,34.24,0.2609,0.0999,1.13,499.01,0.0194,-0.0611,0.0835,0.1163,,KEEP_RESEARCHING
WEALTH,WLTH_V510_LOCAL_02_P50_V180,CHALLENGER_V510,LOCAL_SEARCH,45082,15940,19068,10074,34.77,34.24,0.2609,0.0999,1.13,499.01,0.0194,-0.0611,0.0835,0.1163,,KEEP_RESEARCHING
PULLBACK_V2,PULL_V2G_VOL_DRY_BULL_CLOSE_HYBRID,CONTROL_V58,BASELINE,82840,34114,31354,17372,45.61,43.96,0.2612,0.0545,1.09,1268.56,-0.0488,-0.1522,0.0444,0.0646,,CONTROL
PULLBACK_V2,PULL_V510_LOCAL_01_DRY065_THR17_T25,CHALLENGER_V510,LOCAL_SEARCH,82840,34114,31354,17372,45.61,43.96,0.2612,0.0545,1.09,1268.56,-0.0488,-0.1522,0.0444,0.0646,,D_CAPACITY
PULLBACK_V2,PULL_V510_LOCAL_02_DRY060_THR18_T25,CHALLENGER_V510,LOCAL_SEARCH,82840,34114,31354,17372,45.61,43.96,0.2612,0.0545,1.09,1268.56,-0.0488,-0.1522,0.0444,0.0646,,D_CAPACITY
PULLBACK_V2,PULL_V510_LOCAL_03_DRY070_THR16_T25,CHALLENGER_V510,LOCAL_SEARCH,82840,34114,31354,17372,45.61,43.96,0.2612,0.0545,1.09,1268.56,-0.0488,-0.1522,0.0444,0.0646,,D_CAPACITY
ACCUMULATION_VCP,VCP_V55_PRECISION_B_CLV65,CONTROL_V58,BASELINE,12158,4158,4690,3310,46.41,40.76,0.1202,-0.0527,0.9,1044.5,-0.1392,-0.2256,-0.0734,-0.032,,CONTROL
ACCUMULATION_VCP,VCP_V510_LOCAL_01_DRY065_THR17_T25,CHALLENGER_V510,LOCAL_SEARCH,12158,4158,4690,3310,46.41,40.76,0.1202,-0.0527,0.9,1044.5,-0.1392,-0.2256,-0.0734,-0.032,,D_CAPACITY
ACCUMULATION_VCP,VCP_V510_LOCAL_02_DRY060_THR18_T25,CHALLENGER_V510,LOCAL_SEARCH,12158,4158,4690,3310,46.41,40.76,0.1202,-0.0527,0.9,1044.5,-0.1392,-0.2256,-0.0734,-0.032,,D_CAPACITY
ACCUMULATION_VCP,VCP_V510_LOCAL_03_DRY070_THR16_T25,CHALLENGER_V510,LOCAL_SEARCH,12158,4158,4690,3310,46.41,40.76,0.1202,-0.0527,0.9,1044.5,-0.1392,-0.2256,-0.0734,-0.032,,D_CAPACITY
ACCUMULATION_VCP,VCP_V510_LOCAL_04_DRY060_THR18_T23,CHALLENGER_V510,LOCAL_SEARCH,12158,4158,4690,3310,46.41,40.36,0.0776,-0.0953,0.81,1458.36,-0.1818,-0.2682,-0.1148,-0.0758,,D_CAPACITY
EOD_BREAKOUT,EOD_ABL_3_NO_VOL_FILTER,CONTROL_V58,BASELINE,10523,4292,3810,2421,45.74,41.01,0.0982,-0.0742,0.87,1165.25,-0.1605,-0.2467,-0.0973,-0.0511,,CONTROL
EOD_BREAKOUT,EOD_V510_LOCAL_01_H35_B22_V16_T25,CHALLENGER_V510,LOCAL_SEARCH,10523,4292,3810,2421,45.74,41.01,0.0982,-0.0742,0.87,1165.25,-0.1605,-0.2467,-0.0973,-0.0511,,D_CAPACITY
EOD_BREAKOUT,EOD_V510_LOCAL_02_H30_B20_V18_T25,CHALLENGER_V510,LOCAL_SEARCH,10523,4292,3810,2421,45.74,41.01,0.0982,-0.0742,0.87,1165.25,-0.1605,-0.2467,-0.0973,-0.0511,,D_CAPACITY
EOD_BREAKOUT,EOD_V510_LOCAL_03_H40_B22_V15_T25,CHALLENGER_V510,LOCAL_SEARCH,10523,4292,3810,2421,45.74,41.01,0.0982,-0.0742,0.87,1165.25,-0.1605,-0.2467,-0.0973,-0.0511,,D_CAPACITY
MULTITF_5M,MULTITF_5M_CHAMPION_V1,CONTROL_V58,BASELINE,1824,492,868,464,44.19,42.0,0.0904,-0.0176,0.97,76.24,-0.0716,-0.1256,-0.0701,0.0349,,CONTROL
MULTITF_5M,M5M_V510_LOCAL_01_V17_T20,CHALLENGER_V510,LOCAL_SEARCH,1824,492,868,464,44.19,42.0,0.0904,-0.0176,0.97,76.24,-0.0716,-0.1256,-0.0701,0.0349,,D_CAPACITY
MULTITF_5M,M5M_V510_LOCAL_02_CHAMP_V18_T20,CHALLENGER_V510,LOCAL_SEARCH,1824,492,868,464,44.19,42.0,0.0904,-0.0176,0.97,76.24,-0.0716,-0.1256,-0.0701,0.0349,,D_CAPACITY
MULTITF_5M,M5M_V510_LOCAL_03_V18_T21,CHALLENGER_V510,LOCAL_SEARCH,1824,492,868,464,44.19,42.32,0.1174,0.0094,1.02,56.58,-0.0446,-0.0986,-0.0448,0.0636,,C_TRADEOFF
MULTITF_5M,M5M_V510_LOCAL_04_V19_T20,CHALLENGER_V510,LOCAL_SEARCH,1824,492,868,464,44.19,42.0,0.0904,-0.0176,0.97,76.24,-0.0716,-0.1256,-0.0701,0.0349,,D_CAPACITY
MULTITF_5M,M5M_V510_LOCAL_05_V20_T19,CHALLENGER_V510,LOCAL_SEARCH,1824,492,868,464,44.19,41.56,0.0635,-0.0445,0.91,111.41,-0.0985,-0.1525,-0.0953,0.0063,,D_CAPACITY
TECHNICAL_AHAT,TECHNICAL_CHAMPION_V1,CONTROL_V58,BASELINE,1036,244,510,282,38.42,37.45,0.091,-0.075,0.89,129.67,-0.158,-0.241,-0.1598,0.0098,,CONTROL
TECHNICAL_AHAT,AHAT_V510_LOCAL_01_RS75_V180,CHALLENGER_V510,LOCAL_SEARCH,1036,244,510,282,38.42,37.45,0.091,-0.075,0.89,129.67,-0.158,-0.241,-0.1598,0.0098,,KEEP_RESEARCHING
TECHNICAL_AHAT,AHAT_V510_LOCAL_02_RS80_V200,CHALLENGER_V510,LOCAL_SEARCH,1036,244,510,282,38.42,37.45,0.091,-0.075,0.89,129.67,-0.158,-0.241,-0.1598,0.0098,,KEEP_RESEARCHING
DAILY_BUILDER,DAILY_BUILDER_CHAMPION_V1,CONTROL_V58,BASELINE,29754,10962,11934,6858,40.93,40.12,0.1611,0.0001,1.0,617.34,-0.0804,-0.1609,-0.0158,0.016,,CONTROL
DAILY_BUILDER,BLD_V510_LOCAL_01_ORB15_V180,CHALLENGER_V510,LOCAL_SEARCH,29754,10962,11934,6858,40.93,40.12,0.1611,0.0001,1.0,617.34,-0.0804,-0.1609,-0.0158,0.016,,KEEP_RESEARCHING
DAILY_BUILDER,BLD_V510_LOCAL_02_ORB15_V200,CHALLENGER_V510,LOCAL_SEARCH,29754,10962,11934,6858,40.93,40.12,0.1611,0.0001,1.0,617.34,-0.0804,-0.1609,-0.0158,0.016,,KEEP_RESEARCHING
REVERSAL,REV_V23D_15D_MULTI_REGIME,CONTROL_V58,BASELINE,35440,12909,17052,5479,41.12,39.92,0.3037,0.1376,1.2,565.14,0.0546,-0.0285,0.1209,0.1543,,CONTROL
REVERSAL,REV_V510_LOCAL_01_RSI28_P10_V15_T24,CHALLENGER_V510,LOCAL_SEARCH,35440,12909,17052,5479,41.12,39.88,0.2688,0.1028,1.15,705.27,0.0197,-0.0633,0.0866,0.119,,D_CAPACITY
REVERSAL,REV_V510_LOCAL_02_CHAMP_RSI30_P10_V15_T25,CHALLENGER_V510,LOCAL_SEARCH,35440,12909,17052,5479,41.12,39.92,0.3037,0.1376,1.2,565.14,0.0546,-0.0285,0.1209,0.1543,,D_CAPACITY
REVERSAL,REV_V510_LOCAL_03_RSI30_P09_V16_T24,CHALLENGER_V510,LOCAL_SEARCH,35440,12909,17052,5479,41.12,39.88,0.2688,0.1028,1.15,705.27,0.0197,-0.0633,0.0866,0.119,,D_CAPACITY
REVERSAL,REV_V510_LOCAL_04_RSI30_P11_V14_T25,CHALLENGER_V510,LOCAL_SEARCH,35440,12909,17052,5479,41.12,39.92,0.3037,0.1376,1.2,565.14,0.0546,-0.0285,0.1209,0.1543,,D_CAPACITY
REVERSAL,REV_V510_LOCAL_05_RSI32_P10_V15_T25,CHALLENGER_V510,LOCAL_SEARCH,35440,12909,17052,5479,41.12,39.92,0.3037,0.1376,1.2,565.14,0.0546,-0.0285,0.1209,0.1543,,D_CAPACITY
MULTITF_1H,M1H_V57_QUAL_F_MULTI_REG,CONTROL_V58,BASELINE,596,0,156,440,38.09,36.58,0.095,-0.0284,0.96,100.65,-0.09,-0.1517,-0.1474,0.0906,,CONTROL
MULTITF_1H,M1H_V510_LOCAL_01_V160_T20,CHALLENGER_V510,LOCAL_SEARCH,596,0,156,440,38.09,36.58,0.095,-0.0284,0.96,100.65,-0.09,-0.1517,-0.1474,0.0906,,KEEP_RESEARCHING
MULTITF_1H,M1H_V510_LOCAL_02_V180_T20,CHALLENGER_V510,LOCAL_SEARCH,596,0,156,440,38.09,36.58,0.095,-0.0284,0.96,100.65,-0.09,-0.1517,-0.1474,0.0906,,KEEP_RESEARCHING
SHORT_COVERING_EOD,SC_ABL_2_NO_RSI_FILTER,CONTROL_V58,BASELINE,6842,2222,3340,1280,36.16,34.67,0.106,-0.0681,0.91,517.23,-0.1551,-0.2422,-0.1037,-0.0325,,CONTROL
SHORT_COVERING_EOD,SC_V510_LOCAL_01_V15_T25,CHALLENGER_V510,LOCAL_SEARCH,6842,2222,3340,1280,36.16,34.67,0.106,-0.0681,0.91,517.23,-0.1551,-0.2422,-0.1037,-0.0325,,KEEP_RESEARCHING
SHORT_COVERING_EOD,SC_V510_LOCAL_02_V16_T24,CHALLENGER_V510,LOCAL_SEARCH,6842,2222,3340,1280,36.16,34.62,0.0776,-0.0965,0.87,674.47,-0.1835,-0.2706,-0.1311,-0.0619,,KEEP_RESEARCHING
SHORT_COVERING_EOD,SC_V510_LOCAL_03_V17_T25,CHALLENGER_V510,LOCAL_SEARCH,6842,2222,3340,1280,36.16,34.67,0.106,-0.0681,0.91,517.23,-0.1551,-0.2422,-0.1037,-0.0325,,KEEP_RESEARCHING
MULTIBAGGER,MBAG_V57_SCALE_A_60D_165V,CONTROL_V58,BASELINE,2493,528,1100,865,42.16,40.15,0.3877,0.2287,1.37,73.3,0.1491,0.0696,0.155,0.3024,7.8,CONTROL
MULTIBAGGER,MBAG_V510_LOCAL_01_70D_170V_50R,CHALLENGER_V510,LOCAL_SEARCH,2493,528,1100,865,42.16,40.15,0.3877,0.2287,1.37,73.3,0.1491,0.0696,0.155,0.3024,7.8,A_MAJOR_CONVEXITY
MULTIBAGGER,MBAG_V510_LOCAL_02_CHAMP_75D_180V_50R,CHALLENGER_V510,LOCAL_SEARCH,2493,528,1100,865,42.16,40.15,0.3877,0.2287,1.37,73.3,0.1491,0.0696,0.155,0.3024,7.8,A_MAJOR_CONVEXITY
MULTIBAGGER,MBAG_V510_LOCAL_03_80D_180V_50R,CHALLENGER_V510,LOCAL_SEARCH,2493,528,1100,865,42.16,40.15,0.3877,0.2287,1.37,73.3,0.1491,0.0696,0.155,0.3024,7.8,A_MAJOR_CONVEXITY
MULTIBAGGER,MBAG_V510_LOCAL_04_75D_190V_55R,CHALLENGER_V510,LOCAL_SEARCH,2493,528,1100,865,42.16,40.35,0.4785,0.3195,1.52,60.03,0.24,0.1605,0.24,0.399,8.3,A_MAJOR_CONVEXITY
MULTIBAGGER,MBAG_V510_LOCAL_05_75D_180V_45R,CHALLENGER_V510,LOCAL_SEARCH,2493,528,1100,865,42.16,40.15,0.2968,0.1378,1.22,100.75,0.0583,-0.0212,0.07,0.2056,0.4,C_TRADEOFF
