scanner,frontier_tier,net_wr,net_er,net_pf,n_trades,max_dd_r,lock_net_wr,lock_net_er,lock_net_pf,status
WEALTH,F50_BALANCED,34.04,0.1144,1.18,39672,725.87,36.6,0.1346,1.23,SUPERIOR_ALPHA_EXPANSION
WEALTH,F55_PRECISION,34.29,0.0523,1.08,35704,1936.34,36.96,0.0804,1.14,DIMINISHING_RETURNS
WEALTH,F60_SELECTIVE,34.17,-0.0224,0.96,32458,3730.87,37.02,0.0104,1.02,REJECT_ECONOMIC_COLLAPSE
WEALTH,F65_ULTRA_SELECTIVE,34.03,-0.088,0.86,32458,5572.07,36.69,-0.058,0.9,REJECT_ECONOMIC_COLLAPSE
WEALTH,F70_EXTREME,33.99,-0.118,0.8,32458,6373.83,36.61,-0.0871,0.85,REJECT_ECONOMIC_COLLAPSE
WEALTH,F80_TIGHT,33.91,-0.1477,0.75,32458,7118.6,36.42,-0.1194,0.79,REJECT_ECONOMIC_COLLAPSE
WEALTH,F90_MAX,33.72,-0.2134,0.64,32458,8828.33,35.96,-0.1865,0.67,REJECT_ECONOMIC_COLLAPSE
PULLBACK_V2,F50_BALANCED,43.94,0.0808,1.15,72899,1901.59,43.52,0.1051,1.2,SUPERIOR_ALPHA_EXPANSION
PULLBACK_V2,F55_PRECISION,43.64,0.0199,1.04,65609,4729.33,43.36,0.0499,1.1,REJECT_EXCESSIVE_ALPHA_SACRIFICE
PULLBACK_V2,F60_SELECTIVE,43.51,-0.0435,0.92,59644,7050.43,42.71,-0.0347,0.93,REJECT_ECONOMIC_COLLAPSE
PULLBACK_V2,F65_ULTRA_SELECTIVE,42.99,-0.0985,0.81,59644,9836.92,42.06,-0.0897,0.83,REJECT_ECONOMIC_COLLAPSE
PULLBACK_V2,F70_EXTREME,42.86,-0.1234,0.76,59644,11085.85,41.97,-0.1124,0.78,REJECT_ECONOMIC_COLLAPSE
PULLBACK_V2,F80_TIGHT,42.58,-0.148,0.71,59644,12268.35,41.66,-0.1372,0.73,REJECT_ECONOMIC_COLLAPSE
PULLBACK_V2,F90_MAX,41.94,-0.2031,0.6,59644,14921.39,41.1,-0.193,0.61,REJECT_ECONOMIC_COLLAPSE
ACCUMULATION_VCP,F50_BALANCED,39.27,-0.06,0.86,10699,1171.04,44.57,0.0425,1.12,REJECT_ECONOMIC_COLLAPSE
ACCUMULATION_VCP,F55_PRECISION,39.33,-0.0923,0.79,9629,1228.97,43.75,0.0045,1.01,REJECT_ECONOMIC_COLLAPSE
ACCUMULATION_VCP,F60_SELECTIVE,38.92,-0.1358,0.69,8753,1451.62,44.26,-0.0327,0.91,REJECT_ECONOMIC_COLLAPSE
ACCUMULATION_VCP,F65_ULTRA_SELECTIVE,38.2,-0.1728,0.6,8753,1715.26,43.33,-0.0778,0.78,REJECT_ECONOMIC_COLLAPSE
ACCUMULATION_VCP,F70_EXTREME,37.29,-0.1898,0.56,8753,1833.83,42.52,-0.0955,0.73,REJECT_ECONOMIC_COLLAPSE
ACCUMULATION_VCP,F80_TIGHT,36.7,-0.2064,0.51,8753,1949.22,41.62,-0.1109,0.68,REJECT_ECONOMIC_COLLAPSE
ACCUMULATION_VCP,F90_MAX,34.95,-0.2447,0.42,8753,2233.64,39.15,-0.1497,0.57,REJECT_ECONOMIC_COLLAPSE
EOD_BREAKOUT,F50_BALANCED,39.16,-0.0782,0.84,9260,1395.66,46.06,0.0815,1.19,REJECT_ECONOMIC_COLLAPSE
EOD_BREAKOUT,F55_PRECISION,38.12,-0.1333,0.72,8334,1676.5,45.89,0.0182,1.04,REJECT_ECONOMIC_COLLAPSE
EOD_BREAKOUT,F60_SELECTIVE,37.42,-0.1843,0.62,7576,1792.99,45.97,-0.0248,0.94,REJECT_ECONOMIC_COLLAPSE
EOD_BREAKOUT,F65_ULTRA_SELECTIVE,36.25,-0.2206,0.54,7576,1991.77,44.99,-0.0741,0.82,REJECT_ECONOMIC_COLLAPSE
EOD_BREAKOUT,F70_EXTREME,35.41,-0.2367,0.5,7576,2085.51,43.84,-0.0996,0.76,REJECT_ECONOMIC_COLLAPSE
EOD_BREAKOUT,F80_TIGHT,34.65,-0.2526,0.46,7576,2178.26,43.5,-0.1254,0.69,REJECT_ECONOMIC_COLLAPSE
EOD_BREAKOUT,F90_MAX,32.76,-0.288,0.38,7576,2360.44,41.31,-0.1661,0.58,REJECT_ECONOMIC_COLLAPSE
MULTITF_5M,F50_BALANCED,42.37,0.1076,1.25,1605,46.54,50.75,0.2684,1.77,SUPERIOR_ALPHA_EXPANSION
MULTITF_5M,F55_PRECISION,41.55,0.057,1.13,1444,63.83,50.27,0.2013,1.59,SUPERIOR_ALPHA_EXPANSION
MULTITF_5M,F60_SELECTIVE,40.9,0.0056,1.01,1313,99.88,49.43,0.1495,1.45,SUPERIOR_ALPHA_EXPANSION
MULTITF_5M,F65_ULTRA_SELECTIVE,40.44,-0.0445,0.89,1313,145.73,48.28,0.0939,1.28,REJECT_ECONOMIC_COLLAPSE
MULTITF_5M,F70_EXTREME,40.14,-0.0662,0.84,1313,168.66,48.28,0.064,1.19,REJECT_ECONOMIC_COLLAPSE
MULTITF_5M,F80_TIGHT,39.98,-0.0873,0.79,1313,191.58,48.28,0.034,1.1,REJECT_ECONOMIC_COLLAPSE
MULTITF_5M,F90_MAX,39.38,-0.1374,0.66,1313,237.43,47.7,-0.0193,0.94,REJECT_ECONOMIC_COLLAPSE
TECHNICAL_AHAT,F50_BALANCED,37.76,0.1208,1.21,911,67.24,43.8,0.2154,1.41,SUPERIOR_ALPHA_EXPANSION
TECHNICAL_AHAT,F55_PRECISION,37.97,0.0543,1.09,819,112.21,44.74,0.1509,1.28,SUPERIOR_ALPHA_EXPANSION
TECHNICAL_AHAT,F60_SELECTIVE,37.32,-0.0328,0.94,745,142.49,44.23,0.0526,1.1,REJECT_ECONOMIC_COLLAPSE
TECHNICAL_AHAT,F65_ULTRA_SELECTIVE,37.32,-0.0948,0.84,745,174.28,44.23,-0.0076,0.99,REJECT_ECONOMIC_COLLAPSE
TECHNICAL_AHAT,F70_EXTREME,37.32,-0.125,0.78,745,187.87,44.23,-0.04,0.92,REJECT_ECONOMIC_COLLAPSE
TECHNICAL_AHAT,F80_TIGHT,37.32,-0.1526,0.73,745,199.21,44.23,-0.0773,0.85,REJECT_ECONOMIC_COLLAPSE
TECHNICAL_AHAT,F90_MAX,37.32,-0.2145,0.62,745,228.54,44.23,-0.1423,0.72,REJECT_ECONOMIC_COLLAPSE
DAILY_BUILDER,F50_BALANCED,39.8,0.1773,1.32,26183,288.19,42.75,0.2189,1.42,SUPERIOR_ALPHA_EXPANSION
DAILY_BUILDER,F55_PRECISION,40.32,0.1191,1.22,23564,425.53,43.16,0.1565,1.3,SUPERIOR_ALPHA_EXPANSION
DAILY_BUILDER,F60_SELECTIVE,40.05,0.0382,1.07,21422,1167.12,42.73,0.0729,1.14,SUPERIOR_ALPHA_EXPANSION
DAILY_BUILDER,F65_ULTRA_SELECTIVE,39.93,-0.0293,0.95,21422,2377.18,42.49,0.0056,1.01,REJECT_ECONOMIC_COLLAPSE
DAILY_BUILDER,F70_EXTREME,39.87,-0.0599,0.89,21422,2976.58,42.37,-0.0263,0.95,REJECT_ECONOMIC_COLLAPSE
DAILY_BUILDER,F80_TIGHT,39.76,-0.0912,0.83,21422,3499.1,42.21,-0.0574,0.89,REJECT_ECONOMIC_COLLAPSE
DAILY_BUILDER,F90_MAX,39.45,-0.1584,0.7,21422,4651.85,41.69,-0.1298,0.74,REJECT_ECONOMIC_COLLAPSE
REVERSAL,F50_BALANCED,39.93,0.1494,1.27,31187,1011.36,46.58,0.3277,1.63,SUPERIOR_ALPHA_EXPANSION
REVERSAL,F55_PRECISION,39.85,0.08,1.14,28068,1800.5,46.05,0.2425,1.47,DIMINISHING_RETURNS
REVERSAL,F60_SELECTIVE,39.39,0.003,1.01,25516,2867.69,45.91,0.1621,1.32,REJECT_EXCESSIVE_ALPHA_SACRIFICE
REVERSAL,F65_ULTRA_SELECTIVE,39.21,-0.0605,0.89,25516,4126.57,45.88,0.0827,1.16,REJECT_ECONOMIC_COLLAPSE
REVERSAL,F70_EXTREME,39.14,-0.0901,0.84,25516,4752.95,45.88,0.0441,1.09,REJECT_ECONOMIC_COLLAPSE
REVERSAL,F80_TIGHT,39.08,-0.1188,0.78,25516,5328.27,45.88,0.0038,1.01,REJECT_ECONOMIC_COLLAPSE
REVERSAL,F90_MAX,38.88,-0.1826,0.66,25516,6528.68,45.86,-0.0773,0.85,REJECT_ECONOMIC_COLLAPSE
MULTITF_1H,F50_BALANCED,36.07,0.0751,1.14,524,64.65,34.12,0.0853,1.15,SUPERIOR_ALPHA_EXPANSION
MULTITF_1H,F55_PRECISION,34.61,-0.0046,0.99,471,71.63,33.92,-0.016,0.97,REJECT_ECONOMIC_COLLAPSE
MULTITF_1H,F60_SELECTIVE,34.11,-0.0705,0.88,428,75.79,33.76,-0.0954,0.84,REJECT_ECONOMIC_COLLAPSE
MULTITF_1H,F65_ULTRA_SELECTIVE,34.11,-0.1237,0.78,428,82.08,33.76,-0.1451,0.75,REJECT_ECONOMIC_COLLAPSE
MULTITF_1H,F70_EXTREME,34.11,-0.1492,0.73,428,91.34,33.76,-0.1684,0.71,REJECT_ECONOMIC_COLLAPSE
MULTITF_1H,F80_TIGHT,34.11,-0.1723,0.69,428,98.6,33.76,-0.1884,0.67,REJECT_ECONOMIC_COLLAPSE
MULTITF_1H,F90_MAX,34.11,-0.2256,0.59,428,116.34,33.76,-0.2381,0.57,REJECT_ECONOMIC_COLLAPSE
SHORT_COVERING_EOD,F50_BALANCED,34.44,-0.0356,0.94,6020,826.15,34.39,0.0203,1.04,REJECT_ECONOMIC_COLLAPSE
SHORT_COVERING_EOD,F55_PRECISION,34.27,-0.0871,0.85,5418,943.58,36.19,0.032,1.06,REJECT_ECONOMIC_COLLAPSE
SHORT_COVERING_EOD,F60_SELECTIVE,34.82,-0.1307,0.78,4925,1014.14,36.91,-0.021,0.96,REJECT_ECONOMIC_COLLAPSE
SHORT_COVERING_EOD,F65_ULTRA_SELECTIVE,34.72,-0.1832,0.69,4925,1211.51,36.8,-0.0833,0.84,REJECT_ECONOMIC_COLLAPSE
SHORT_COVERING_EOD,F70_EXTREME,34.52,-0.2062,0.64,4925,1307.91,36.8,-0.0922,0.82,REJECT_ECONOMIC_COLLAPSE
SHORT_COVERING_EOD,F80_TIGHT,34.31,-0.229,0.6,4925,1405.56,36.69,-0.1228,0.76,REJECT_ECONOMIC_COLLAPSE
SHORT_COVERING_EOD,F90_MAX,33.79,-0.2809,0.51,4925,1591.84,36.35,-0.1751,0.65,REJECT_ECONOMIC_COLLAPSE
MULTIBAGGER,F50_BALANCED,36.8,-0.1864,0.64,2193,513.97,35.83,-0.1742,0.67,REJECT_ECONOMIC_COLLAPSE
MULTIBAGGER,F55_PRECISION,37.25,-0.2101,0.59,1973,511.48,35.85,-0.2004,0.61,REJECT_ECONOMIC_COLLAPSE
MULTIBAGGER,F60_SELECTIVE,35.34,-0.2701,0.48,1794,564.67,33.91,-0.2475,0.52,REJECT_ECONOMIC_COLLAPSE
MULTIBAGGER,F65_ULTRA_SELECTIVE,34.73,-0.2998,0.42,1794,607.61,33.44,-0.2778,0.46,REJECT_ECONOMIC_COLLAPSE
MULTIBAGGER,F70_EXTREME,34.11,-0.3113,0.39,1794,620.09,32.97,-0.2929,0.43,REJECT_ECONOMIC_COLLAPSE
MULTIBAGGER,F80_TIGHT,33.5,-0.3239,0.36,1794,636.23,32.18,-0.3112,0.39,REJECT_ECONOMIC_COLLAPSE
MULTIBAGGER,F90_MAX,32.39,-0.3532,0.3,1794,670.44,31.86,-0.3462,0.32,REJECT_ECONOMIC_COLLAPSE
