scanner,feature,n,net_wr,net_er,net_pf,max_dd_r
EOD_BREAKOUT,F_BASE,9668,51.07,0.0712,1.197,47.22
EOD_BREAKOUT,F1_CPOS_70,2914,47.87,-0.0011,0.997,55.29
EOD_BREAKOUT,F1_CPOS_75,2378,47.31,-0.0161,0.96,65.12
EOD_BREAKOUT,F2_RS_70,6300,52.1,0.0922,1.266,42.85
EOD_BREAKOUT,F2_RS_80,4357,52.12,0.0901,1.264,41.89
EOD_BREAKOUT,F3_VOL_14X,2755,49.66,0.0513,1.138,24.47
EOD_BREAKOUT,F3_VOL_18X,778,47.04,0.0146,1.036,32.39
EOD_BREAKOUT,F4_TIGHT_SPAN,1261,41.79,-0.1121,0.778,156.08
EOD_BREAKOUT,F5_TIGHT_RISK,1988,52.31,0.1757,1.411,24.27
EOD_BREAKOUT,F6_REGIME_BULL,8003,51.99,0.0819,1.233,39.91
EOD_BREAKOUT,F6_REGIME_NONBEAR,9306,51.3,0.0743,1.207,48.01
EOD_BREAKOUT,F7_TREND_SMA,7216,51.61,0.0784,1.22,50.21
EOD_BREAKOUT,F8_MOMENTUM_RSI,6651,49.87,0.0481,1.128,66.98
EOD_BREAKOUT,F9_ADX_TRENDING,8773,52.54,0.1017,1.296,49.0
ACCUMULATION_VCP,F_BASE,8381,49.36,0.0764,1.177,77.87
ACCUMULATION_VCP,F1_CPOS_70,2694,45.17,-0.0214,0.955,99.35
ACCUMULATION_VCP,F1_CPOS_75,2216,45.31,-0.0241,0.95,79.2
ACCUMULATION_VCP,F2_RS_70,5780,50.92,0.1023,1.248,56.36
ACCUMULATION_VCP,F2_RS_80,4395,51.31,0.1095,1.271,53.54
ACCUMULATION_VCP,F3_VOL_14X,2255,49.49,0.0742,1.172,48.69
ACCUMULATION_VCP,F3_VOL_18X,599,47.75,0.0506,1.114,21.18
ACCUMULATION_VCP,F4_TIGHT_SPAN,737,36.77,-0.1991,0.675,160.08
ACCUMULATION_VCP,F5_TIGHT_RISK,4134,49.9,0.1359,1.286,40.27
ACCUMULATION_VCP,F6_REGIME_BULL,6948,50.45,0.0975,1.234,49.42
ACCUMULATION_VCP,F6_REGIME_NONBEAR,7994,49.64,0.0802,1.188,62.3
ACCUMULATION_VCP,F7_TREND_SMA,6176,50.1,0.0918,1.218,57.91
ACCUMULATION_VCP,F8_MOMENTUM_RSI,3131,51.42,0.1356,1.323,34.57
ACCUMULATION_VCP,F9_ADX_TRENDING,6956,52.26,0.1421,1.355,48.05
REVERSAL,F_BASE,10579,41.02,-0.0174,0.974,323.29
REVERSAL,F1_CPOS_70,7597,40.61,-0.0315,0.953,324.7
REVERSAL,F1_CPOS_75,6040,40.43,-0.0396,0.941,353.68
REVERSAL,F2_RS_70,2313,40.6,-0.0246,0.963,115.62
REVERSAL,F2_RS_80,1330,40.53,-0.0234,0.965,83.67
REVERSAL,F3_VOL_14X,2154,44.48,0.0759,1.122,28.16
REVERSAL,F3_VOL_18X,697,43.04,0.0174,1.028,29.42
REVERSAL,F4_TIGHT_SPAN,10579,41.02,-0.0174,0.974,323.29
REVERSAL,F5_TIGHT_RISK,9455,41.22,-0.0071,0.989,260.42
REVERSAL,F6_REGIME_BULL,4938,44.29,0.0744,1.118,49.52
REVERSAL,F6_REGIME_NONBEAR,7738,42.44,0.0225,1.034,123.59
REVERSAL,F7_TREND_SMA,6202,43.29,0.047,1.073,92.35
REVERSAL,F8_MOMENTUM_RSI,1328,47.36,0.1808,1.3,25.84
REVERSAL,F9_ADX_TRENDING,4786,48.43,0.1992,1.34,35.54
PULLBACK_V2,F_BASE,21369,41.19,-0.007,0.989,447.03
PULLBACK_V2,F1_CPOS_70,13475,40.78,-0.0215,0.967,412.91
PULLBACK_V2,F1_CPOS_75,10864,40.76,-0.0259,0.96,419.39
PULLBACK_V2,F2_RS_70,4630,42.74,0.0193,1.031,115.61
PULLBACK_V2,F2_RS_80,2142,40.48,-0.0467,0.929,121.92
PULLBACK_V2,F3_VOL_14X,4407,43.2,0.0437,1.07,100.2
PULLBACK_V2,F3_VOL_18X,1496,40.31,-0.0339,0.947,142.36
PULLBACK_V2,F4_TIGHT_SPAN,21369,41.19,-0.007,0.989,447.03
PULLBACK_V2,F5_TIGHT_RISK,19688,41.21,-0.0038,0.994,415.93
PULLBACK_V2,F6_REGIME_BULL,15569,42.89,0.0345,1.054,247.68
PULLBACK_V2,F6_REGIME_NONBEAR,20567,41.56,0.002,1.003,344.92
PULLBACK_V2,F7_TREND_SMA,20435,41.36,-0.0028,0.996,401.04
PULLBACK_V2,F8_MOMENTUM_RSI,3398,50.03,0.219,1.406,31.19
PULLBACK_V2,F9_ADX_TRENDING,10120,48.57,0.1985,1.351,64.32
MULTITF_5M,F_BASE,1041,36.6,-0.0954,0.659,105.75
MULTITF_5M,F1_CPOS_70,815,35.95,-0.0999,0.634,85.38
MULTITF_5M,F1_CPOS_75,746,35.92,-0.1081,0.612,82.0
MULTITF_5M,F2_RS_70,662,33.99,-0.1054,0.637,71.17
MULTITF_5M,F2_RS_80,0,0.0,-9.99,0.0,0.0
MULTITF_5M,F3_VOL_14X,694,33.72,-0.1068,0.63,75.54
MULTITF_5M,F3_VOL_18X,573,34.38,-0.1016,0.649,60.69
MULTITF_5M,F4_TIGHT_SPAN,1041,36.6,-0.0954,0.659,105.75
MULTITF_5M,F5_TIGHT_RISK,1041,36.6,-0.0954,0.659,105.75
MULTITF_5M,F6_REGIME_BULL,598,33.95,-0.1383,0.548,84.16
MULTITF_5M,F6_REGIME_NONBEAR,1034,36.46,-0.1003,0.642,110.15
MULTITF_5M,F7_TREND_SMA,563,31.26,-0.1575,0.51,91.45
MULTITF_5M,F8_MOMENTUM_RSI,1041,36.6,-0.0954,0.659,105.75
MULTITF_5M,F9_ADX_TRENDING,1041,36.6,-0.0954,0.659,105.75
MULTITF_1H,F_BASE,3417,41.09,-0.072,0.776,267.38
MULTITF_1H,F1_CPOS_70,2503,41.79,-0.0607,0.807,170.92
MULTITF_1H,F1_CPOS_75,2229,41.68,-0.062,0.804,156.06
MULTITF_1H,F2_RS_70,591,39.26,-0.0405,0.876,49.35
MULTITF_1H,F2_RS_80,125,43.2,0.0567,1.191,8.72
MULTITF_1H,F3_VOL_14X,1681,40.33,-0.0734,0.775,146.04
MULTITF_1H,F3_VOL_18X,1358,39.47,-0.0828,0.747,127.82
MULTITF_1H,F4_TIGHT_SPAN,3417,41.09,-0.072,0.776,267.38
MULTITF_1H,F5_TIGHT_RISK,1999,41.02,-0.0909,0.737,193.36
MULTITF_1H,F6_REGIME_BULL,2242,39.61,-0.0925,0.727,215.86
MULTITF_1H,F6_REGIME_NONBEAR,3375,41.1,-0.0694,0.783,255.28
MULTITF_1H,F7_TREND_SMA,1904,40.28,-0.095,0.715,190.72
MULTITF_1H,F8_MOMENTUM_RSI,3417,41.09,-0.072,0.776,267.38
MULTITF_1H,F9_ADX_TRENDING,3417,41.09,-0.072,0.776,267.38
